,Survived,Pclass,Age,SibSp,Parch,Fare,Embarked_C,Embarked_Q,Embarked_S,Sex_female,Sex_male
0,0,1.0,0.275,0.125,0.0,0.014151057562208049,False,False,True,False,True
1,1,0.3333333333333333,0.475,0.125,0.0,0.13913573538264068,True,False,False,True,False
2,1,1.0,0.325,0.0,0.0,0.015468569817999833,False,False,True,True,False
3,1,0.3333333333333333,0.4375,0.125,0.0,0.10364429745562033,False,False,True,True,False
4,0,1.0,0.4375,0.0,0.0,0.015712553569072387,False,False,True,False,True
5,0,1.0,0.37123897058823524,0.0,0.0,0.01650950209357577,False,True,False,False,True
6,0,0.3333333333333333,0.675,0.0,0.0,0.10122885832000206,False,False,True,False,True
7,0,1.0,0.025,0.375,0.16666666666666666,0.04113566043083236,False,False,True,False,True
8,1,1.0,0.3375,0.0,0.3333333333333333,0.021730754366528396,False,False,True,True,False
9,1,0.6666666666666666,0.175,0.125,0.0,0.058694292654020104,True,False,False,True,False
10,1,1.0,0.05,0.125,0.16666666666666666,0.03259622914329302,False,False,True,True,False
11,1,0.3333333333333333,0.725,0.0,0.0,0.051822148727810165,False,False,True,True,False
12,0,1.0,0.25,0.0,0.0,0.015712553569072387,False,False,True,False,True
13,0,1.0,0.4875,0.125,0.8333333333333334,0.06104473451835265,False,False,True,False,True
14,0,1.0,0.175,0.0,0.0,0.015330377421392339,False,False,True,True,False
15,1,0.6666666666666666,0.6875,0.0,0.0,0.03122992013728673,False,False,True,True,False
16,0,1.0,0.025,0.5,0.16666666666666666,0.056848213999904744,False,True,False,False,True
17,1,0.6666666666666666,0.37123897058823524,0.0,0.0,0.025374310111545468,False,False,True,False,True
18,0,1.0,0.3875,0.125,0.0,0.03513366015444757,False,False,True,True,False
19,1,1.0,0.37123897058823524,0.0,0.0,0.014102260811993537,True,False,False,True,False
20,0,0.6666666666666666,0.4375,0.0,0.0,0.050748620223090936,False,False,True,False,True
21,1,0.6666666666666666,0.425,0.0,0.0,0.025374310111545468,False,False,True,False,True
22,1,1.0,0.1875,0.0,0.0,0.015671954672893913,False,True,False,True,False
23,1,0.3333333333333333,0.35,0.0,0.0,0.06929138530460492,False,False,True,False,True
24,0,1.0,0.1,0.375,0.16666666666666666,0.04113566043083236,False,False,True,True,False
25,1,1.0,0.475,0.125,0.8333333333333334,0.061264319894317944,False,False,True,True,False
26,0,1.0,0.37123897058823524,0.0,0.0,0.014102260811993537,True,False,False,False,True
27,0,0.3333333333333333,0.2375,0.375,0.3333333333333333,0.5133418122566505,False,False,True,False,True
28,1,1.0,0.37123897058823524,0.0,0.0,0.01537917417160685,False,True,False,True,False
29,0,1.0,0.37123897058823524,0.0,0.0,0.015411575213749284,False,False,True,False,True
30,0,0.3333333333333333,0.5,0.0,0.0,0.05410739813385612,True,False,False,False,True
31,1,0.3333333333333333,0.37123897058823524,0.125,0.0,0.2859895551532101,True,False,False,True,False
32,1,1.0,0.37123897058823524,0.0,0.0,0.015126992566498259,False,True,False,True,False
33,0,0.6666666666666666,0.825,0.0,0.0,0.020494635090094415,False,False,True,False,True
34,0,0.3333333333333333,0.35,0.125,0.0,0.16038672010106,True,False,False,False,True
35,0,0.3333333333333333,0.525,0.125,0.0,0.10149724044618187,False,False,True,False,True
36,1,1.0,0.37123897058823524,0.0,0.0,0.014110458666029575,True,False,False,False,True
37,0,1.0,0.2625,0.0,0.0,0.015712553569072387,False,False,True,False,True
38,0,1.0,0.225,0.25,0.0,0.03513366015444757,False,False,True,True,False
39,1,1.0,0.175,0.125,0.0,0.021942337075458514,True,False,False,True,False
40,0,1.0,0.5,0.125,0.0,0.018493968331299484,False,False,True,True,False
41,0,0.6666666666666666,0.3375,0.125,0.0,0.04098927018018883,False,False,True,True,False
42,0,1.0,0.37123897058823524,0.0,0.0,0.015411575213749284,True,False,False,False,True
43,1,0.6666666666666666,0.0375,0.125,0.3333333333333333,0.08115719346076702,True,False,False,True,False
44,1,1.0,0.2375,0.0,0.0,0.01537917417160685,False,True,False,True,False
45,0,1.0,0.37123897058823524,0.0,0.0,0.015712553569072387,False,False,True,False,True
46,0,1.0,0.37123897058823524,0.125,0.0,0.030253985132996517,False,True,False,False,True
47,1,1.0,0.37123897058823524,0.0,0.0,0.015126992566498259,False,True,False,True,False
48,0,1.0,0.37123897058823524,0.25,0.0,0.04231498029001666,True,False,False,False,True
49,0,1.0,0.225,0.125,0.0,0.034743286152731485,False,False,True,True,False
50,0,1.0,0.0875,0.5,0.16666666666666666,0.07746484096553544,False,False,True,False,True
51,0,1.0,0.2625,0.0,0.0,0.01522458606692728,False,False,True,False,True
52,1,0.3333333333333333,0.6125,0.125,0.0,0.1497654242623688,True,False,False,True,False
53,1,0.6666666666666666,0.3625,0.125,0.0,0.050748620223090936,False,False,True,True,False
54,0,0.3333333333333333,0.8125,0.0,0.16666666666666666,0.1209753416358076,True,False,False,False,True
55,1,0.3333333333333333,0.37123897058823524,0.0,0.0,0.06929138530460492,False,False,True,False,True
56,1,0.6666666666666666,0.2625,0.0,0.0,0.020494635090094415,False,False,True,True,False
57,0,1.0,0.35625,0.0,0.0,0.014110458666029575,True,False,False,False,True
58,1,0.6666666666666666,0.0625,0.125,0.3333333333333333,0.05416439273810667,False,False,True,True,False
59,0,1.0,0.1375,0.625,0.3333333333333333,0.09154270340242172,False,False,True,False,True
60,0,1.0,0.275,0.0,0.0,0.014110458666029575,True,False,False,False,True
61,1,0.3333333333333333,0.475,0.0,0.0,0.15614960068643363,False,False,True,True,False
62,0,0.3333333333333333,0.5625,0.125,0.0,0.16293234896625058,False,False,True,False,True
63,0,1.0,0.05,0.375,0.3333333333333333,0.05445717323939373,False,False,True,False,True
64,0,0.3333333333333333,0.37123897058823524,0.0,0.0,0.05410739813385612,True,False,False,False,True
65,1,1.0,0.37123897058823524,0.125,0.16666666666666666,0.029757819776815374,True,False,False,False,True
66,1,0.6666666666666666,0.3625,0.0,0.0,0.020494635090094415,False,False,True,True,False
67,0,1.0,0.2375,0.0,0.0,0.015923941091001644,False,False,True,False,True
68,1,1.0,0.2125,0.5,0.3333333333333333,0.015468569817999833,False,False,True,True,False
69,0,1.0,0.325,0.25,0.0,0.016908073949327893,False,False,True,False,True
70,0,0.6666666666666666,0.4,0.0,0.0,0.020494635090094415,False,False,True,False,True
71,0,1.0,0.2,0.625,0.3333333333333333,0.09154270340242172,False,False,True,True,False
72,0,0.6666666666666666,0.2625,0.0,0.0,0.1434624456306609,False,False,True,False,True
73,0,1.0,0.325,0.125,0.0,0.028212719478023115,True,False,False,False,True
74,1,1.0,0.4,0.0,0.0,0.11027245763075773,False,False,True,False,True
75,0,1.0,0.3125,0.0,0.0,0.014931805565640218,False,False,True,False,True
76,0,1.0,0.37123897058823524,0.0,0.0,0.015411575213749284,False,False,True,False,True
77,0,1.0,0.37123897058823524,0.0,0.0,0.015712553569072387,False,False,True,False,True
78,1,0.6666666666666666,0.010374999999999999,0.0,0.3333333333333333,0.056604230248832196,False,False,True,False,True
79,1,1.0,0.375,0.0,0.0,0.024349578357040744,False,False,True,True,False
80,0,1.0,0.275,0.0,0.0,0.017566830077223785,False,False,True,False,True
81,1,1.0,0.3625,0.0,0.0,0.018542765081513996,False,False,True,False,True
82,1,1.0,0.37123897058823524,0.0,0.0,0.015200187691820024,False,True,False,True,False
83,0,0.3333333333333333,0.35,0.0,0.0,0.09193307740413781,False,False,True,False,True
84,1,0.6666666666666666,0.2125,0.0,0.0,0.020494635090094415,False,False,True,True,False
85,1,1.0,0.4125,0.375,0.0,0.030937139635999665,False,False,True,True,False
86,0,1.0,0.2,0.125,0.5,0.06709553154495196,False,False,True,False,True
87,0,1.0,0.37123897058823524,0.0,0.0,0.015712553569072387,False,False,True,False,True
88,1,0.3333333333333333,0.2875,0.375,0.3333333333333333,0.5133418122566505,False,False,True,True,False
89,0,1.0,0.3,0.0,0.0,0.015712553569072387,False,False,True,False,True
90,0,1.0,0.3625,0.0,0.0,0.015712553569072387,False,False,True,False,True
91,0,1.0,0.25,0.0,0.0,0.015330377421392339,False,False,True,False,True
92,0,0.3333333333333333,0.575,0.125,0.0,0.11940564777490723,False,False,True,False,True
93,0,1.0,0.325,0.125,0.3333333333333333,0.04015972542654215,False,False,True,False,True
94,0,1.0,0.7375,0.0,0.0,0.014151057562208049,False,False,True,False,True
95,0,1.0,0.37123897058823524,0.0,0.0,0.015712553569072387,False,False,True,False,True
96,0,0.3333333333333333,0.8875,0.0,0.0,0.06764049365134761,True,False,False,False,True
97,1,0.3333333333333333,0.2875,0.0,0.16666666666666666,0.12366716556464086,True,False,False,False,True
98,1,0.6666666666666666,0.425,0.0,0.16666666666666666,0.04489301019734967,False,False,True,True,False
99,0,0.6666666666666666,0.425,0.125,0.0,0.050748620223090936,False,False,True,False,True
100,0,1.0,0.35,0.0,0.0,0.015411575213749284,False,False,True,True,False
101,0,1.0,0.37123897058823524,0.0,0.0,0.015411575213749284,False,False,True,False,True
102,0,0.3333333333333333,0.2625,0.0,0.16666666666666666,0.15085515328815924,False,False,True,False,True
103,0,1.0,0.4125,0.0,0.0,0.016891873428256675,False,False,True,False,True
104,0,1.0,0.4625,0.25,0.0,0.015468569817999833,False,False,True,False,True
105,0,1.0,0.35,0.0,0.0,0.015411575213749284,False,False,True,False,True
106,1,1.0,0.2625,0.0,0.0,0.014931805565640218,False,False,True,True,False
107,1,1.0,0.37123897058823524,0.0,0.0,0.015175789316712771,False,False,True,False,True
108,0,1.0,0.475,0.0,0.0,0.015411575213749284,False,False,True,False,True
109,1,1.0,0.37123897058823524,0.125,0.0,0.04713766070721715,False,True,False,True,False
110,0,0.3333333333333333,0.5875,0.0,0.0,0.10149724044618187,False,False,True,False,True
111,0,1.0,0.18125,0.125,0.0,0.028212719478023115,True,False,False,True,False
112,0,1.0,0.275,0.0,0.0,0.015712553569072387,False,False,True,False,True
113,0,1.0,0.25,0.125,0.0,0.019177122834302632,False,False,True,True,False
114,0,1.0,0.2125,0.0,0.0,0.028220722145058292,True,False,False,True,False
115,0,1.0,0.2625,0.0,0.0,0.015468569817999833,False,False,True,False,True
116,0,1.0,0.88125,0.0,0.0,0.015126992566498259,False,True,False,False,True
117,0,0.6666666666666666,0.3625,0.125,0.0,0.04098927018018883,False,False,True,False,True
118,0,0.3333333333333333,0.3,0.0,0.16666666666666666,0.4831284260198326,True,False,False,False,True
119,0,1.0,0.025,0.5,0.3333333333333333,0.06104473451835265,False,False,True,True,False
120,0,0.6666666666666666,0.2625,0.25,0.0,0.1434624456306609,False,False,True,False,True
121,0,1.0,0.37123897058823524,0.0,0.0,0.015712553569072387,False,False,True,False,True
122,0,0.6666666666666666,0.40625,0.125,0.0,0.058694292654020104,True,False,False,False,True
123,1,0.6666666666666666,0.40625,0.0,0.0,0.025374310111545468,False,False,True,True,False
124,0,0.3333333333333333,0.675,0.0,0.16666666666666666,0.15085515328815924,False,False,True,False,True
125,1,1.0,0.15,0.125,0.0,0.021942337075458514,True,False,False,False,True
126,0,1.0,0.37123897058823524,0.0,0.0,0.015126992566498259,False,True,False,False,True
127,1,1.0,0.3,0.0,0.0,0.01393967004027879,False,False,True,False,True
128,1,1.0,0.37123897058823524,0.125,0.16666666666666666,0.04364049521284361,True,False,False,True,False
129,0,1.0,0.5625,0.0,0.0,0.013614293309848433,False,False,True,False,True
130,0,1.0,0.4125,0.0,0.0,0.015411575213749284,True,False,False,False,True
131,0,1.0,0.25,0.0,0.0,0.013760683560491965,False,False,True,False,True
132,0,1.0,0.5875,0.125,0.0,0.028302115124416098,False,False,True,True,False
133,1,0.6666666666666666,0.3625,0.125,0.0,0.050748620223090936,False,False,True,True,False
134,0,0.6666666666666666,0.3125,0.0,0.0,0.025374310111545468,False,False,True,False,True
135,0,0.6666666666666666,0.2875,0.0,0.0,0.02936744577509929,True,False,False,False,True
136,1,0.3333333333333333,0.2375,0.0,0.3333333333333333,0.051301584996521765,False,False,True,True,False
137,0,0.3333333333333333,0.4625,0.125,0.0,0.10364429745562033,False,False,True,False,True
138,0,1.0,0.2,0.0,0.0,0.01798980030808316,False,False,True,False,True
139,0,0.3333333333333333,0.3,0.0,0.0,0.15458810467956932,True,False,False,False,True
140,0,1.0,0.37123897058823524,0.0,0.3333333333333333,0.029757819776815374,True,False,False,True,False
141,1,1.0,0.275,0.0,0.0,0.015126992566498259,False,False,True,True,False
142,1,1.0,0.3,0.125,0.0,0.030937139635999665,False,False,True,True,False
143,0,1.0,0.2375,0.0,0.0,0.013175122557917838,False,True,False,False,True
144,0,0.6666666666666666,0.225,0.0,0.0,0.022446505098674834,False,False,True,False,True
145,0,0.6666666666666666,0.2375,0.125,0.16666666666666666,0.07173122281533045,False,False,True,False,True
146,1,1.0,0.3375,0.0,0.0,0.015216388212891242,False,False,True,False,True
147,0,1.0,0.1125,0.25,0.3333333333333333,0.06709553154495196,False,False,True,True,False
148,0,0.6666666666666666,0.45625,0.0,0.3333333333333333,0.050748620223090936,False,False,True,False,True
149,0,0.6666666666666666,0.525,0.0,0.0,0.025374310111545468,False,False,True,False,True
150,0,0.6666666666666666,0.6375,0.0,0.0,0.02444717185746977,False,False,True,False,True
151,1,0.3333333333333333,0.275,0.125,0.0,0.12999454257145598,False,False,True,True,False
152,0,1.0,0.69375,0.0,0.0,0.015712553569072387,False,False,True,False,True
153,0,1.0,0.50625,0.0,0.3333333333333333,0.028302115124416098,False,False,True,False,True
154,0,1.0,0.37123897058823524,0.0,0.0,0.014273049437744325,False,False,True,False,True
155,0,0.3333333333333333,0.6375,0.0,0.16666666666666666,0.11980421963065935,True,False,False,False,True
156,1,1.0,0.2,0.0,0.0,0.015094396337354966,False,True,False,True,False
157,0,1.0,0.375,0.0,0.0,0.015712553569072387,False,False,True,False,True
158,0,1.0,0.37123897058823524,0.0,0.0,0.016908073949327893,False,False,True,False,True
159,0,1.0,0.37123897058823524,1.0,0.3333333333333333,0.13575255909676823,False,False,True,False,True
160,0,1.0,0.55,0.0,0.16666666666666666,0.031425107138144774,False,False,True,False,True
161,1,0.6666666666666666,0.5,0.0,0.0,0.030741952635141623,False,False,True,True,False
162,0,1.0,0.325,0.0,0.0,0.015175789316712771,False,False,True,False,True
163,0,1.0,0.2125,0.0,0.0,0.016908073949327893,False,False,True,False,True
164,0,1.0,0.0125,0.5,0.16666666666666666,0.07746484096553544,False,False,True,False,True
165,1,1.0,0.1125,0.0,0.3333333333333333,0.04006213192611313,False,False,True,False,True
166,1,0.3333333333333333,0.37123897058823524,0.0,0.16666666666666666,0.10735285047192313,False,False,True,True,False
167,0,1.0,0.5625,0.125,0.6666666666666666,0.05445717323939373,False,False,True,True,False
168,0,0.3333333333333333,0.37123897058823524,0.0,0.0,0.050602229972447406,False,False,True,False,True
169,0,1.0,0.35,0.0,0.0,0.11027245763075773,False,False,True,False,True
170,0,0.3333333333333333,0.7625,0.0,0.0,0.06538764528744409,False,False,True,False,True
171,0,1.0,0.05,0.5,0.16666666666666666,0.056848213999904744,False,True,False,False,True
172,1,1.0,0.0125,0.125,0.16666666666666666,0.021730754366528396,False,False,True,True,False
173,0,1.0,0.2625,0.0,0.0,0.015468569817999833,False,False,True,False,True
174,0,0.3333333333333333,0.7,0.0,0.0,0.05991421140938287,True,False,False,False,True
175,0,1.0,0.225,0.125,0.16666666666666666,0.015330377421392339,False,False,True,False,True
176,0,1.0,0.37123897058823524,0.375,0.16666666666666666,0.04970768794751499,False,False,True,False,True
177,0,0.3333333333333333,0.625,0.0,0.0,0.05604306762136532,True,False,False,True,False
178,0,0.6666666666666666,0.375,0.0,0.0,0.025374310111545468,False,False,True,False,True
179,0,1.0,0.45,0.0,0.0,0.0,False,False,True,False,True
180,0,1.0,0.37123897058823524,1.0,0.3333333333333333,0.13575255909676823,False,False,True,True,False
181,0,0.6666666666666666,0.37123897058823524,0.0,0.0,0.02937564362913533,True,False,False,False,True
182,0,1.0,0.1125,0.5,0.3333333333333333,0.061264319894317944,False,False,True,False,True
183,1,0.6666666666666666,0.0125,0.25,0.16666666666666666,0.0761229303346364,False,False,True,False,True
184,1,1.0,0.05,0.0,0.3333333333333333,0.04298993693898376,False,False,True,True,False
185,0,0.3333333333333333,0.37123897058823524,0.0,0.0,0.09759350042902103,False,False,True,False,True
186,1,1.0,0.37123897058823524,0.125,0.0,0.030253985132996517,False,True,False,True,False
187,1,0.3333333333333333,0.5625,0.0,0.0,0.051822148727810165,False,False,True,False,True
188,0,1.0,0.5,0.125,0.16666666666666666,0.030253985132996517,False,True,False,False,True
189,0,1.0,0.45,0.0,0.0,0.015411575213749284,False,False,True,False,True
190,1,0.6666666666666666,0.4,0.0,0.0,0.025374310111545468,False,False,True,True,False
191,0,0.6666666666666666,0.2375,0.0,0.0,0.025374310111545468,False,False,True,False,True
192,1,1.0,0.2375,0.125,0.0,0.015330377421392339,False,False,True,True,False
193,1,0.6666666666666666,0.0375,0.125,0.16666666666666666,0.050748620223090936,False,False,True,False,True
194,1,0.3333333333333333,0.55,0.0,0.0,0.05410739813385612,True,False,False,True,False
195,1,0.3333333333333333,0.725,0.0,0.0,0.2859895551532101,True,False,False,True,False
196,0,1.0,0.37123897058823524,0.0,0.0,0.015126992566498259,False,True,False,False,True
197,0,1.0,0.525,0.0,0.16666666666666666,0.01640390592611157,False,False,True,False,True
198,1,1.0,0.37123897058823524,0.0,0.0,0.015126992566498259,False,True,False,True,False
199,0,0.6666666666666666,0.3,0.0,0.0,0.025374310111545468,False,False,True,True,False
200,0,1.0,0.35,0.0,0.0,0.018542765081513996,False,False,True,False,True
201,0,1.0,0.37123897058823524,1.0,0.3333333333333333,0.13575255909676823,False,False,True,False,True
202,0,1.0,0.425,0.0,0.0,0.012678957201736696,False,False,True,False,True
203,0,1.0,0.56875,0.0,0.0,0.014102260811993537,True,False,False,False,True
204,1,1.0,0.225,0.0,0.0,0.015712553569072387,False,False,True,False,True
205,0,1.0,0.025,0.0,0.16666666666666666,0.02042143996477265,False,False,True,True,False
206,0,1.0,0.4,0.125,0.0,0.030937139635999665,False,False,True,False,True
207,1,1.0,0.325,0.0,0.0,0.036670757786204655,True,False,False,False,True
208,1,1.0,0.2,0.0,0.0,0.015126992566498259,False,True,False,True,False
209,1,0.3333333333333333,0.5,0.0,0.0,0.060507970265993034,True,False,False,False,True
210,0,1.0,0.3,0.0,0.0,0.013760683560491965,False,False,True,False,True
211,1,0.6666666666666666,0.4375,0.0,0.0,0.04098927018018883,False,False,True,True,False
212,0,1.0,0.275,0.0,0.0,0.014151057562208049,False,False,True,False,True
213,0,0.6666666666666666,0.375,0.0,0.0,0.025374310111545468,False,False,True,False,True
214,0,1.0,0.37123897058823524,0.125,0.0,0.015126992566498259,False,True,False,False,True
215,1,0.3333333333333333,0.3875,0.125,0.0,0.22109807522194713,True,False,False,True,False
216,1,1.0,0.3375,0.0,0.0,0.015468569817999833,False,False,True,True,False
217,0,0.6666666666666666,0.525,0.125,0.0,0.05270049023167135,False,False,True,False,True
218,1,0.3333333333333333,0.4,0.0,0.0,0.14891148113361488,True,False,False,True,False
219,0,0.6666666666666666,0.375,0.0,0.0,0.020494635090094415,False,False,True,False,True
220,1,1.0,0.2,0.0,0.0,0.015712553569072387,False,False,True,False,True
221,0,0.6666666666666666,0.3375,0.0,0.0,0.025374310111545468,False,False,True,False,True
222,0,1.0,0.6375,0.0,0.0,0.015712553569072387,False,False,True,False,True
223,0,1.0,0.37123897058823524,0.0,0.0,0.015411575213749284,False,False,True,False,True
224,1,0.3333333333333333,0.475,0.125,0.0,0.17566830077223786,False,False,True,False,True
225,0,1.0,0.275,0.0,0.0,0.01824998458022693,False,False,True,False,True
226,1,0.6666666666666666,0.2375,0.0,0.0,0.020494635090094415,False,False,True,False,True
227,0,1.0,0.25625,0.0,0.0,0.014151057562208049,False,False,True,False,True
228,0,0.6666666666666666,0.225,0.0,0.0,0.025374310111545468,False,False,True,False,True
229,0,1.0,0.37123897058823524,0.375,0.16666666666666666,0.04970768794751499,False,False,True,True,False
230,1,0.3333333333333333,0.4375,0.125,0.0,0.16293234896625058,False,False,True,True,False
231,0,1.0,0.3625,0.0,0.0,0.015175789316712771,False,False,True,False,True
232,0,0.6666666666666666,0.7375,0.0,0.0,0.026350245115835676,False,False,True,False,True
233,1,1.0,0.0625,0.5,0.3333333333333333,0.061264319894317944,False,False,True,True,False
234,0,0.6666666666666666,0.3,0.0,0.0,0.020494635090094415,False,False,True,False,True
235,0,1.0,0.37123897058823524,0.0,0.0,0.014736618564782174,False,False,True,True,False
236,0,0.6666666666666666,0.55,0.125,0.0,0.050748620223090936,False,False,True,False,True
237,1,0.6666666666666666,0.1,0.0,0.3333333333333333,0.05123658772523604,False,False,True,True,False
238,0,0.6666666666666666,0.2375,0.0,0.0,0.020494635090094415,False,False,True,False,True
239,0,0.6666666666666666,0.4125,0.0,0.0,0.023959204355324663,False,False,True,False,True
240,0,1.0,0.37123897058823524,0.125,0.0,0.028212719478023115,True,False,False,True,False
241,1,1.0,0.37123897058823524,0.125,0.0,0.030253985132996517,False,True,False,True,False
242,0,0.6666666666666666,0.3625,0.0,0.0,0.020494635090094415,False,False,True,False,True
243,0,1.0,0.275,0.0,0.0,0.013907073811135496,False,False,True,False,True
244,0,1.0,0.375,0.0,0.0,0.014102260811993537,True,False,False,False,True
245,0,0.3333333333333333,0.55,0.25,0.0,0.17566830077223786,False,True,False,False,True
246,0,1.0,0.3125,0.0,0.0,0.015175789316712771,False,False,True,True,False
247,1,0.6666666666666666,0.3,0.0,0.3333333333333333,0.028302115124416098,False,False,True,True,False
248,1,0.3333333333333333,0.4625,0.125,0.16666666666666666,0.10257896680493714,False,False,True,False,True
249,0,0.6666666666666666,0.675,0.125,0.0,0.050748620223090936,False,False,True,False,True
250,0,1.0,0.37123897058823524,0.0,0.0,0.014151057562208049,False,False,True,False,True
251,0,1.0,0.3625,0.125,0.16666666666666666,0.02042143996477265,False,False,True,True,False
252,0,0.3333333333333333,0.775,0.0,0.0,0.051822148727810165,False,False,True,False,True
253,0,1.0,0.375,0.125,0.0,0.031425107138144774,False,False,True,False,True
254,0,1.0,0.5125,0.0,0.3333333333333333,0.039452172548431745,False,False,True,True,False
255,1,1.0,0.3625,0.0,0.3333333333333333,0.029757819776815374,True,False,False,True,False
256,1,0.3333333333333333,0.37123897058823524,0.0,0.0,0.15458810467956932,True,False,False,True,False
257,1,0.3333333333333333,0.375,0.0,0.0,0.16883675574220638,False,False,True,True,False
258,1,0.3333333333333333,0.4375,0.0,0.0,1.0,True,False,False,True,False
259,1,0.6666666666666666,0.625,0.0,0.16666666666666666,0.050748620223090936,False,False,True,True,False
260,0,1.0,0.37123897058823524,0.0,0.0,0.015126992566498259,False,True,False,False,True
261,1,1.0,0.0375,0.5,0.3333333333333333,0.061264319894317944,False,False,True,False,True
262,0,0.3333333333333333,0.65,0.125,0.16666666666666666,0.1554664461834305,False,False,True,False,True
263,0,0.3333333333333333,0.5,0.0,0.0,0.0,False,False,True,False,True
264,0,1.0,0.37123897058823524,0.0,0.0,0.015126992566498259,False,True,False,True,False
265,0,0.6666666666666666,0.45,0.0,0.0,0.020494635090094415,False,False,True,False,True
266,0,1.0,0.2,0.5,0.16666666666666666,0.07746484096553544,False,False,True,False,True
267,1,1.0,0.3125,0.125,0.0,0.015175789316712771,False,False,True,False,True
268,1,0.3333333333333333,0.725,0.0,0.16666666666666666,0.2995388511917728,False,False,True,True,False
269,1,0.3333333333333333,0.4375,0.0,0.0,0.2647385704347907,False,False,True,True,False
270,0,0.3333333333333333,0.37123897058823524,0.0,0.0,0.060507970265993034,False,False,True,False,True
271,1,1.0,0.3125,0.0,0.0,0.0,False,False,True,False,True
272,1,0.6666666666666666,0.5125,0.0,0.16666666666666666,0.0380614651673182,False,False,True,True,False
273,0,0.3333333333333333,0.4625,0.0,0.16666666666666666,0.057970539254838485,True,False,False,False,True
274,1,1.0,0.37123897058823524,0.0,0.0,0.015126992566498259,False,True,False,True,False
275,1,0.3333333333333333,0.7875,0.125,0.0,0.15216446768991498,False,False,True,True,False
276,0,1.0,0.5625,0.0,0.0,0.015126992566498259,False,False,True,True,False
277,0,0.6666666666666666,0.37123897058823524,0.0,0.0,0.0,False,False,True,False,True
278,0,1.0,0.0875,0.5,0.16666666666666666,0.056848213999904744,False,True,False,False,True
279,1,1.0,0.4375,0.125,0.16666666666666666,0.03952536767375352,False,False,True,True,False
280,0,1.0,0.8125,0.0,0.0,0.015126992566498259,False,True,False,False,True
281,0,1.0,0.35,0.0,0.0,0.015330377421392339,False,False,True,False,True
282,0,1.0,0.2,0.0,0.0,0.018542765081513996,False,False,True,False,True
283,1,1.0,0.2375,0.0,0.0,0.015712553569072387,False,False,True,False,True
284,0,0.3333333333333333,0.37123897058823524,0.0,0.0,0.050748620223090936,False,False,True,False,True
285,0,1.0,0.4125,0.0,0.0,0.016908073949327893,True,False,False,False,True
286,1,1.0,0.375,0.0,0.0,0.018542765081513996,False,False,True,False,True
287,0,1.0,0.275,0.0,0.0,0.015411575213749284,False,False,True,False,True
288,1,0.6666666666666666,0.525,0.0,0.0,0.025374310111545468,False,False,True,False,True
289,1,1.0,0.275,0.0,0.0,0.015126992566498259,False,True,False,True,False
290,1,0.3333333333333333,0.325,0.0,0.0,0.15390495017656614,False,False,True,True,False
291,1,0.3333333333333333,0.2375,0.125,0.0,0.17777475888549785,True,False,False,True,False
292,0,0.6666666666666666,0.45,0.0,0.0,0.025130326360472913,True,False,False,False,True
293,0,1.0,0.3,0.0,0.0,0.01727404957593672,False,False,True,True,False
294,0,1.0,0.3,0.0,0.0,0.015411575213749284,False,False,True,False,True
295,0,0.3333333333333333,0.37123897058823524,0.0,0.0,0.05410739813385612,True,False,False,False,True
296,0,1.0,0.29375,0.0,0.0,0.014110458666029575,True,False,False,False,True
297,0,0.3333333333333333,0.025,0.125,0.3333333333333333,0.29580589980036276,False,False,True,True,False
298,1,0.3333333333333333,0.37123897058823524,0.0,0.0,0.05953203526170282,False,False,True,False,True
299,1,0.3333333333333333,0.625,0.0,0.16666666666666666,0.4831284260198326,True,False,False,True,False
300,1,1.0,0.37123897058823524,0.0,0.0,0.015126992566498259,False,True,False,True,False
301,1,1.0,0.37123897058823524,0.25,0.0,0.04538097769949478,False,True,False,False,True
302,0,1.0,0.2375,0.0,0.0,0.0,False,False,True,False,True
303,1,0.6666666666666666,0.37123897058823524,0.0,0.0,0.024105594605968193,False,True,False,True,False
304,0,1.0,0.37123897058823524,0.0,0.0,0.015712553569072387,False,False,True,False,True
305,1,0.3333333333333333,0.0115,0.125,0.3333333333333333,0.29580589980036276,False,False,True,False,True
306,1,0.3333333333333333,0.37123897058823524,0.0,0.0,0.21642978772242535,True,False,False,True,False
307,1,0.3333333333333333,0.2125,0.125,0.0,0.2125586439344078,True,False,False,True,False
308,0,0.6666666666666666,0.375,0.125,0.0,0.04684488020593009,True,False,False,False,True
309,1,0.3333333333333333,0.375,0.0,0.0,0.11111839809247648,True,False,False,True,False
310,1,0.3333333333333333,0.3,0.0,0.0,0.16231419173453318,True,False,False,True,False
311,1,0.3333333333333333,0.225,0.25,0.3333333333333333,0.5121218935012878,True,False,False,True,False
312,0,0.6666666666666666,0.325,0.125,0.16666666666666666,0.050748620223090936,False,False,True,True,False
313,0,1.0,0.35,0.0,0.0,0.015411575213749284,False,False,True,False,True
314,0,0.6666666666666666,0.5375,0.125,0.16666666666666666,0.05123658772523604,False,False,True,False,True
315,1,1.0,0.325,0.0,0.0,0.015330377421392339,False,False,True,True,False
316,1,0.6666666666666666,0.3,0.125,0.0,0.050748620223090936,False,False,True,True,False
317,0,0.6666666666666666,0.675,0.0,0.0,0.027326180120125887,False,False,True,False,True
318,1,0.3333333333333333,0.3875,0.0,0.3333333333333333,0.32179836714362564,False,False,True,True,False
319,1,0.3333333333333333,0.5,0.125,0.16666666666666666,0.2625265161540666,True,False,False,True,False
320,0,1.0,0.275,0.0,0.0,0.014151057562208049,False,False,True,False,True
321,0,1.0,0.3375,0.0,0.0,0.015411575213749284,False,False,True,False,True
322,1,0.6666666666666666,0.375,0.0,0.0,0.024105594605968193,False,True,False,True,False
323,1,0.6666666666666666,0.275,0.125,0.16666666666666666,0.056604230248832196,False,False,True,True,False
324,0,1.0,0.37123897058823524,1.0,0.3333333333333333,0.13575255909676823,False,False,True,False,True
325,1,0.3333333333333333,0.45,0.0,0.0,0.2647385704347907,True,False,False,True,False
326,0,1.0,0.7625,0.0,0.0,0.012174789178520372,False,False,True,False,True
327,1,0.6666666666666666,0.45,0.0,0.0,0.025374310111545468,False,False,True,True,False
328,1,1.0,0.3875,0.125,0.16666666666666666,0.04006213192611313,False,False,True,True,False
329,1,0.3333333333333333,0.2,0.0,0.16666666666666666,0.11316786160148591,True,False,False,True,False
330,1,1.0,0.37123897058823524,0.25,0.0,0.04538097769949478,False,True,False,True,False
331,0,0.3333333333333333,0.56875,0.0,0.0,0.055628295244541985,False,False,True,False,True
332,0,0.3333333333333333,0.475,0.0,0.16666666666666666,0.2995388511917728,False,False,True,False,True
333,0,1.0,0.2,0.25,0.0,0.03513366015444757,False,False,True,False,True
334,1,0.3333333333333333,0.37123897058823524,0.125,0.0,0.2608674266467732,False,False,True,True,False
335,0,1.0,0.37123897058823524,0.0,0.0,0.015411575213749284,False,False,True,False,True
336,0,0.3333333333333333,0.3625,0.125,0.0,0.12999454257145598,False,False,True,False,True
337,1,0.3333333333333333,0.5125,0.0,0.0,0.2625265161540666,True,False,False,True,False
338,1,1.0,0.5625,0.0,0.0,0.015712553569072387,False,False,True,False,True
339,0,0.3333333333333333,0.5625,0.0,0.0,0.06929138530460492,False,False,True,False,True
340,1,0.6666666666666666,0.025,0.125,0.16666666666666666,0.050748620223090936,False,False,True,False,True
341,1,0.3333333333333333,0.3,0.375,0.3333333333333333,0.5133418122566505,False,False,True,True,False
342,0,0.6666666666666666,0.35,0.0,0.0,0.025374310111545468,False,False,True,False,True
343,0,0.6666666666666666,0.3125,0.0,0.0,0.025374310111545468,False,False,True,False,True
344,0,0.6666666666666666,0.45,0.0,0.0,0.025374310111545468,False,False,True,False,True
345,1,0.6666666666666666,0.3,0.0,0.0,0.025374310111545468,False,False,True,True,False
346,1,0.6666666666666666,0.5,0.0,0.0,0.025374310111545468,False,False,True,True,False
347,1,1.0,0.37123897058823524,0.125,0.0,0.031425107138144774,False,False,True,True,False
348,1,1.0,0.0375,0.125,0.16666666666666666,0.031034733136428686,False,False,True,False,True
349,0,1.0,0.525,0.0,0.0,0.016908073949327893,False,False,True,False,True
350,0,1.0,0.2875,0.0,0.0,0.01800600082915438,False,False,True,False,True
351,0,0.3333333333333333,0.37123897058823524,0.0,0.0,0.06831545030031472,False,False,True,False,True
352,0,1.0,0.1875,0.125,0.16666666666666666,0.014110458666029575,True,False,False,False,True
353,0,1.0,0.3125,0.125,0.0,0.034743286152731485,False,False,True,False,True
354,0,1.0,0.37123897058823524,0.0,0.0,0.014102260811993537,True,False,False,False,True
355,0,1.0,0.35,0.0,0.0,0.018542765081513996,False,False,True,False,True
356,1,0.3333333333333333,0.275,0.0,0.16666666666666666,0.10735285047192313,False,False,True,True,False
357,0,0.6666666666666666,0.475,0.0,0.0,0.025374310111545468,False,False,True,True,False
358,1,1.0,0.37123897058823524,0.0,0.0,0.01537917417160685,False,True,False,True,False
359,1,1.0,0.37123897058823524,0.0,0.0,0.01537917417160685,False,True,False,True,False
360,0,1.0,0.5,0.125,0.6666666666666666,0.05445717323939373,False,False,True,False,True
361,0,0.6666666666666666,0.3625,0.125,0.0,0.05410739813385612,True,False,False,False,True
362,0,1.0,0.5625,0.0,0.16666666666666666,0.028212719478023115,True,False,False,True,False
363,0,1.0,0.4375,0.0,0.0,0.013760683560491965,False,False,True,False,True
364,0,1.0,0.37123897058823524,0.125,0.0,0.030253985132996517,False,True,False,False,True
365,0,1.0,0.375,0.0,0.0,0.014151057562208049,False,False,True,False,True
366,1,0.3333333333333333,0.75,0.125,0.0,0.14687821814567664,True,False,False,True,False
367,1,1.0,0.37123897058823524,0.0,0.0,0.014110458666029575,True,False,False,True,False
368,1,1.0,0.37123897058823524,0.0,0.0,0.015126992566498259,False,True,False,True,False
369,1,0.3333333333333333,0.3,0.0,0.0,0.13526459159462315,True,False,False,True,False
370,1,0.3333333333333333,0.3125,0.125,0.0,0.1082149914547131,True,False,False,False,True
371,0,1.0,0.225,0.125,0.0,0.012678957201736696,False,False,True,False,True
372,0,1.0,0.2375,0.0,0.0,0.015712553569072387,False,False,True,False,True
373,0,0.3333333333333333,0.275,0.0,0.0,0.2647385704347907,True,False,False,False,True
374,0,1.0,0.0375,0.375,0.16666666666666666,0.04113566043083236,False,False,True,True,False
375,1,0.3333333333333333,0.37123897058823524,0.125,0.0,0.16038672010106,True,False,False,True,False
376,1,1.0,0.275,0.0,0.0,0.014151057562208049,False,False,True,True,False
377,0,0.3333333333333333,0.3375,0.0,0.3333333333333333,0.41282050681475896,True,False,False,False,True
378,0,1.0,0.25,0.0,0.0,0.007831878409428937,True,False,False,False,True
379,0,1.0,0.2375,0.0,0.0,0.015175789316712771,False,False,True,False,True
380,1,0.3333333333333333,0.525,0.0,0.0,0.4440992237022602,True,False,False,True,False
381,1,1.0,0.0125,0.0,0.3333333333333333,0.030725752114070404,True,False,False,True,False
382,0,1.0,0.4,0.0,0.0,0.015468569817999833,False,False,True,False,True
383,1,0.3333333333333333,0.4375,0.125,0.0,0.10149724044618187,False,False,True,True,False
384,0,1.0,0.37123897058823524,0.0,0.0,0.015411575213749284,False,False,True,False,True
385,0,0.6666666666666666,0.225,0.0,0.0,0.1434624456306609,False,False,True,False,True
386,0,1.0,0.0125,0.625,0.3333333333333333,0.09154270340242172,False,False,True,False,True
387,1,0.6666666666666666,0.45,0.0,0.0,0.025374310111545468,False,False,True,True,False
388,0,1.0,0.37123897058823524,0.0,0.0,0.015086393670319786,False,True,False,False,True
389,1,0.6666666666666666,0.2125,0.0,0.0,0.023422440102965045,True,False,False,True,False
390,1,0.3333333333333333,0.45,0.125,0.3333333333333333,0.23422440102965045,False,False,True,False,True
391,1,1.0,0.2625,0.0,0.0,0.015216388212891242,False,False,True,False,True
392,0,1.0,0.35,0.25,0.0,0.015468569817999833,False,False,True,False,True
393,1,0.3333333333333333,0.2875,0.125,0.0,0.22109807522194713,True,False,False,True,False
394,1,1.0,0.3,0.0,0.3333333333333333,0.03259622914329302,False,False,True,True,False
395,0,1.0,0.275,0.0,0.0,0.015216388212891242,False,False,True,False,True
396,0,1.0,0.3875,0.0,0.0,0.015330377421392339,False,False,True,True,False
397,0,0.6666666666666666,0.575,0.0,0.0,0.050748620223090936,False,False,True,False,True
398,0,0.6666666666666666,0.2875,0.0,0.0,0.020494635090094415,False,False,True,False,True
399,1,0.6666666666666666,0.35,0.0,0.0,0.02469115560854232,False,False,True,True,False
400,1,1.0,0.4875,0.0,0.0,0.015468569817999833,False,False,True,False,True
401,0,1.0,0.325,0.0,0.0,0.015712553569072387,False,False,True,False,True
402,0,1.0,0.2625,0.125,0.0,0.019177122834302632,False,False,True,True,False
403,0,1.0,0.35,0.125,0.0,0.030937139635999665,False,False,True,False,True
404,0,1.0,0.25,0.0,0.0,0.016908073949327893,False,False,True,True,False
405,0,0.6666666666666666,0.425,0.125,0.0,0.04098927018018883,False,False,True,False,True
406,0,1.0,0.6375,0.0,0.0,0.015126992566498259,False,False,True,False,True
407,1,0.6666666666666666,0.0375,0.125,0.16666666666666666,0.03659756266088288,False,False,True,False,True
408,0,1.0,0.2625,0.0,0.0,0.015175789316712771,False,False,True,False,True
409,0,1.0,0.37123897058823524,0.375,0.16666666666666666,0.04970768794751499,False,False,True,True,False
410,0,1.0,0.37123897058823524,0.0,0.0,0.015411575213749284,False,False,True,False,True
411,0,1.0,0.37123897058823524,0.0,0.0,0.013386510079847098,False,True,False,False,True
412,1,0.3333333333333333,0.4125,0.125,0.0,0.17566830077223786,False,True,False,True,False
413,0,0.6666666666666666,0.37123897058823524,0.0,0.0,0.0,False,False,True,False,True
414,1,1.0,0.55,0.0,0.0,0.015468569817999833,False,False,True,False,True
415,0,1.0,0.37123897058823524,0.0,0.0,0.015712553569072387,False,False,True,True,False
416,1,0.6666666666666666,0.425,0.125,0.16666666666666666,0.06343577527886367,False,False,True,True,False
417,1,0.6666666666666666,0.225,0.0,0.3333333333333333,0.025374310111545468,False,False,True,True,False
418,0,0.6666666666666666,0.375,0.0,0.0,0.025374310111545468,False,False,True,False,True
419,0,1.0,0.125,0.0,0.3333333333333333,0.04713766070721715,False,False,True,True,False
420,0,1.0,0.37123897058823524,0.0,0.0,0.015411575213749284,True,False,False,False,True
421,0,1.0,0.2625,0.0,0.0,0.015094396337354966,False,True,False,False,True
422,0,1.0,0.3625,0.0,0.0,0.015370976317570811,False,False,True,False,True
423,0,1.0,0.35,0.125,0.16666666666666666,0.028106928123558056,False,False,True,True,False
424,0,1.0,0.225,0.125,0.16666666666666666,0.039452172548431745,False,False,True,False,True
425,0,1.0,0.37123897058823524,0.0,0.0,0.014151057562208049,False,False,True,False,True
426,1,0.6666666666666666,0.35,0.125,0.0,0.050748620223090936,False,False,True,True,False
427,1,0.6666666666666666,0.2375,0.0,0.0,0.050748620223090936,False,False,True,True,False
428,0,1.0,0.37123897058823524,0.0,0.0,0.015126992566498259,False,True,False,False,True
429,1,1.0,0.4,0.0,0.0,0.015712553569072387,False,False,True,False,True
430,1,0.3333333333333333,0.35,0.0,0.0,0.051822148727810165,False,False,True,False,True
431,1,1.0,0.37123897058823524,0.125,0.0,0.031425107138144774,False,False,True,True,False
432,1,0.6666666666666666,0.525,0.125,0.0,0.050748620223090936,False,False,True,True,False
433,0,1.0,0.2125,0.0,0.0,0.013907073811135496,False,False,True,False,True
434,0,0.3333333333333333,0.625,0.125,0.0,0.1091095334796455,False,False,True,False,True
435,1,0.3333333333333333,0.175,0.125,0.3333333333333333,0.23422440102965045,False,False,True,True,False
436,0,1.0,0.2625,0.25,0.3333333333333333,0.06709553154495196,False,False,True,True,False
437,1,0.6666666666666666,0.3,0.25,0.5,0.03659756266088288,False,False,True,True,False
438,0,0.3333333333333333,0.8,0.125,0.6666666666666666,0.5133418122566505,False,False,True,False,True
439,0,0.6666666666666666,0.3875,0.0,0.0,0.020494635090094415,False,False,True,False,True
440,1,0.6666666666666666,0.5625,0.125,0.16666666666666666,0.05123658772523604,False,False,True,True,False
441,0,1.0,0.25,0.0,0.0,0.018542765081513996,False,False,True,False,True
442,0,1.0,0.3125,0.125,0.0,0.015175789316712771,False,False,True,False,True
443,1,0.6666666666666666,0.35,0.0,0.0,0.025374310111545468,False,False,True,True,False
444,1,1.0,0.37123897058823524,0.0,0.0,0.015834545444608664,False,False,True,False,True
445,1,0.3333333333333333,0.05,0.0,0.3333333333333333,0.15977676072337862,False,False,True,False,True
446,1,0.6666666666666666,0.1625,0.0,0.16666666666666666,0.0380614651673182,False,False,True,True,False
447,1,0.3333333333333333,0.425,0.0,0.0,0.051822148727810165,False,False,True,False,True
448,1,1.0,0.0625,0.25,0.16666666666666666,0.03758969818624431,True,False,False,True,False
449,1,0.3333333333333333,0.65,0.0,0.0,0.05953203526170282,False,False,True,False,True
450,0,0.6666666666666666,0.45,0.125,0.3333333333333333,0.05416439273810667,False,False,True,False,True
451,0,1.0,0.37123897058823524,0.125,0.0,0.03897240290032268,False,False,True,False,True
452,0,0.3333333333333333,0.375,0.0,0.0,0.05416439273810667,True,False,False,False,True
453,1,0.3333333333333333,0.6125,0.125,0.0,0.17391981561855152,True,False,False,False,True
454,0,1.0,0.37123897058823524,0.0,0.0,0.015712553569072387,False,False,True,False,True
455,1,1.0,0.3625,0.0,0.0,0.015411575213749284,True,False,False,False,True
456,0,0.3333333333333333,0.8125,0.0,0.0,0.051822148727810165,False,False,True,False,True
457,1,0.3333333333333333,0.37123897058823524,0.125,0.0,0.10122885832000206,False,False,True,True,False
458,1,0.6666666666666666,0.625,0.0,0.0,0.020494635090094415,False,False,True,True,False
459,0,1.0,0.37123897058823524,0.0,0.0,0.015126992566498259,False,True,False,False,True
460,1,0.3333333333333333,0.6,0.0,0.0,0.051822148727810165,False,False,True,False,True
461,0,1.0,0.425,0.0,0.0,0.015712553569072387,False,False,True,False,True
462,0,0.3333333333333333,0.5875,0.0,0.0,0.07514699533034619,False,False,True,False,True
463,0,0.6666666666666666,0.6,0.0,0.0,0.025374310111545468,False,False,True,False,True
464,0,1.0,0.37123897058823524,0.0,0.0,0.015712553569072387,False,False,True,False,True
465,0,1.0,0.475,0.0,0.0,0.013760683560491965,False,False,True,False,True
466,0,0.6666666666666666,0.37123897058823524,0.0,0.0,0.0,False,False,True,False,True
467,0,0.3333333333333333,0.7,0.0,0.0,0.051822148727810165,False,False,True,False,True
468,0,1.0,0.37123897058823524,0.0,0.0,0.015078195816283748,False,True,False,False,True
469,1,1.0,0.009375,0.25,0.16666666666666666,0.03758969818624431,True,False,False,True,False
470,0,1.0,0.37123897058823524,0.0,0.0,0.014151057562208049,False,False,True,False,True
471,0,1.0,0.475,0.0,0.0,0.016908073949327893,False,False,True,False,True
472,1,0.6666666666666666,0.4125,0.125,0.3333333333333333,0.05416439273810667,False,False,True,True,False
473,1,0.6666666666666666,0.2875,0.0,0.0,0.026919605597338588,True,False,False,True,False
474,0,1.0,0.275,0.0,0.0,0.019201521209409888,False,False,True,True,False
475,0,0.3333333333333333,0.37123897058823524,0.0,0.0,0.10149724044618187,False,False,True,False,True
476,0,0.6666666666666666,0.425,0.125,0.0,0.04098927018018883,False,False,True,False,True
477,0,1.0,0.3625,0.125,0.0,0.013752485706455927,False,False,True,False,True
478,0,1.0,0.275,0.0,0.0,0.014679623960531627,False,False,True,False,True
479,1,1.0,0.025,0.0,0.16666666666666666,0.023983602730431916,False,False,True,True,False
480,0,1.0,0.1125,0.625,0.3333333333333333,0.09154270340242172,False,False,True,False,True
481,0,0.6666666666666666,0.37123897058823524,0.0,0.0,0.0,False,False,True,False,True
482,0,1.0,0.625,0.0,0.0,0.015712553569072387,False,False,True,False,True
483,1,1.0,0.7875,0.0,0.0,0.018713553707264782,False,False,True,True,False
484,1,0.3333333333333333,0.3125,0.125,0.0,0.17777475888549785,True,False,False,False,True
485,0,1.0,0.37123897058823524,0.375,0.16666666666666666,0.04970768794751499,False,False,True,True,False
486,1,0.3333333333333333,0.4375,0.125,0.0,0.17566830077223786,False,False,True,True,False
487,0,0.3333333333333333,0.725,0.0,0.0,0.057970539254838485,True,False,False,False,True
488,0,1.0,0.375,0.0,0.0,0.015712553569072387,False,False,True,False,True
489,1,1.0,0.1125,0.125,0.16666666666666666,0.031034733136428686,False,False,True,False,True
490,0,1.0,0.37123897058823524,0.125,0.0,0.03897240290032268,False,False,True,False,True
491,0,1.0,0.2625,0.0,0.0,0.014151057562208049,False,False,True,False,True
492,0,0.3333333333333333,0.6875,0.0,0.0,0.05953203526170282,False,False,True,False,True
493,0,0.3333333333333333,0.8875,0.0,0.0,0.09662576327876685,True,False,False,False,True
494,0,1.0,0.2625,0.0,0.0,0.015712553569072387,False,False,True,False,True
495,0,1.0,0.37123897058823524,0.0,0.0,0.028220722145058292,True,False,False,False,True
496,1,0.3333333333333333,0.675,0.125,0.0,0.1527664244005612,True,False,False,True,False
497,0,1.0,0.37123897058823524,0.0,0.0,0.029473237129564348,False,False,True,False,True
498,0,0.3333333333333333,0.3125,0.125,0.3333333333333333,0.29580589980036276,False,False,True,True,False
499,0,1.0,0.3,0.0,0.0,0.015216388212891242,False,False,True,False,True
500,0,1.0,0.2125,0.0,0.0,0.016908073949327893,False,False,True,False,True
501,0,1.0,0.2625,0.0,0.0,0.015126992566498259,False,True,False,True,False
502,0,1.0,0.37123897058823524,0.0,0.0,0.014891206669461744,False,True,False,True,False
503,0,1.0,0.4625,0.0,0.0,0.018713553707264782,False,False,True,True,False
504,1,0.3333333333333333,0.2,0.0,0.0,0.16883675574220638,False,False,True,True,False
505,0,0.3333333333333333,0.225,0.125,0.0,0.2125586439344078,True,False,False,False,True
506,1,0.6666666666666666,0.4125,0.0,0.3333333333333333,0.050748620223090936,False,False,True,True,False
507,1,0.3333333333333333,0.37123897058823524,0.0,0.0,0.051822148727810165,False,False,True,False,True
508,0,1.0,0.35,0.0,0.0,0.04396587194327397,False,False,True,False,True
509,1,1.0,0.325,0.0,0.0,0.11027245763075773,False,False,True,False,True
510,1,1.0,0.3625,0.0,0.0,0.015126992566498259,False,True,False,False,True
511,0,1.0,0.37123897058823524,0.0,0.0,0.015712553569072387,False,False,True,False,True
512,1,0.3333333333333333,0.45,0.0,0.0,0.05130978285055781,False,False,True,False,True
513,1,0.3333333333333333,0.675,0.125,0.0,0.11594107850967697,True,False,False,True,False
514,0,1.0,0.3,0.0,0.0,0.014630827210317115,False,False,True,False,True
515,0,0.3333333333333333,0.5875,0.0,0.0,0.06640417918791278,False,False,True,False,True
516,1,0.6666666666666666,0.425,0.0,0.0,0.020494635090094415,False,False,True,True,False
517,0,1.0,0.37123897058823524,0.0,0.0,0.04713766070721715,False,True,False,False,True
518,1,0.6666666666666666,0.45,0.125,0.0,0.050748620223090936,False,False,True,True,False
519,0,1.0,0.4,0.0,0.0,0.015411575213749284,False,False,True,False,True
520,1,0.3333333333333333,0.375,0.0,0.0,0.18249984580226933,False,False,True,True,False
521,0,1.0,0.275,0.0,0.0,0.015411575213749284,False,False,True,False,True
522,0,1.0,0.37123897058823524,0.0,0.0,0.014102260811993537,True,False,False,False,True
523,1,0.3333333333333333,0.55,0.0,0.16666666666666666,0.11316786160148591,True,False,False,True,False
524,0,1.0,0.37123897058823524,0.0,0.0,0.014110458666029575,True,False,False,False,True
525,0,1.0,0.50625,0.0,0.0,0.015126992566498259,False,True,False,False,True
526,1,0.6666666666666666,0.625,0.0,0.0,0.020494635090094415,False,False,True,True,False
527,0,0.3333333333333333,0.37123897058823524,0.0,0.0,0.4328841690069588,False,False,True,False,True
528,0,1.0,0.4875,0.0,0.0,0.015468569817999833,False,False,True,False,True
529,0,0.6666666666666666,0.2875,0.25,0.16666666666666666,0.022446505098674834,False,False,True,False,True
530,1,0.6666666666666666,0.025,0.125,0.16666666666666666,0.050748620223090936,False,False,True,True,False
531,0,1.0,0.37123897058823524,0.0,0.0,0.014110458666029575,True,False,False,False,True
532,0,1.0,0.2125,0.125,0.16666666666666666,0.014110458666029575,True,False,False,False,True
533,1,1.0,0.37123897058823524,0.0,0.3333333333333333,0.04364049521284361,True,False,False,True,False
534,0,1.0,0.375,0.0,0.0,0.016908073949327893,False,False,True,True,False
535,1,0.6666666666666666,0.0875,0.0,0.3333333333333333,0.05123658772523604,False,False,True,True,False
536,0,0.3333333333333333,0.5625,0.0,0.0,0.051822148727810165,False,False,True,False,True
537,1,0.3333333333333333,0.375,0.0,0.0,0.20772776566317125,True,False,False,True,False
538,0,1.0,0.37123897058823524,0.0,0.0,0.028302115124416098,False,False,True,False,True
539,1,0.3333333333333333,0.275,0.0,0.3333333333333333,0.09661756542473081,True,False,False,True,False
540,1,0.3333333333333333,0.45,0.0,0.3333333333333333,0.13858277060920984,False,False,True,True,False
541,0,1.0,0.1125,0.5,0.3333333333333333,0.06104473451835265,False,False,True,True,False
542,0,1.0,0.1375,0.5,0.3333333333333333,0.06104473451835265,False,False,True,True,False
543,1,0.6666666666666666,0.4,0.125,0.0,0.050748620223090936,False,False,True,False,True
544,0,0.3333333333333333,0.625,0.125,0.0,0.20772776566317125,True,False,False,False,True
545,0,0.3333333333333333,0.8,0.0,0.0,0.050748620223090936,False,False,True,False,True
546,1,0.6666666666666666,0.2375,0.125,0.0,0.050748620223090936,False,False,True,True,False
547,1,0.6666666666666666,0.37123897058823524,0.0,0.0,0.02705779799394608,True,False,False,False,True
548,0,1.0,0.4125,0.125,0.16666666666666666,0.04006213192611313,False,False,True,False,True
549,1,0.6666666666666666,0.1,0.125,0.16666666666666666,0.07173122281533045,False,False,True,False,True
550,1,0.3333333333333333,0.2125,0.0,0.3333333333333333,0.21642978772242535,True,False,False,False,True
551,0,0.6666666666666666,0.3375,0.0,0.0,0.050748620223090936,False,False,True,False,True
552,0,1.0,0.37123897058823524,0.0,0.0,0.015281580671177828,False,True,False,False,True
553,1,1.0,0.275,0.0,0.0,0.014102260811993537,True,False,False,False,True
554,1,1.0,0.275,0.0,0.0,0.015175789316712771,False,False,True,True,False
555,0,0.3333333333333333,0.775,0.0,0.0,0.051822148727810165,False,False,True,False,True
556,1,0.3333333333333333,0.6,0.125,0.0,0.07729405233978466,True,False,False,True,False
557,0,0.3333333333333333,0.37123897058823524,0.0,0.0,0.4440992237022602,True,False,False,False,True
558,1,0.3333333333333333,0.4875,0.125,0.16666666666666666,0.1554664461834305,False,False,True,True,False
559,1,1.0,0.45,0.125,0.0,0.033962538149299316,False,False,True,True,False
560,0,1.0,0.37123897058823524,0.0,0.0,0.015126992566498259,False,True,False,False,True
561,0,1.0,0.5,0.0,0.0,0.015411575213749284,False,False,True,False,True
562,0,0.6666666666666666,0.35,0.0,0.0,0.026350245115835676,False,False,True,False,True
563,0,1.0,0.37123897058823524,0.0,0.0,0.015712553569072387,False,False,True,False,True
564,0,1.0,0.37123897058823524,0.0,0.0,0.015712553569072387,False,False,True,True,False
565,0,1.0,0.3,0.25,0.0,0.04713766070721715,False,False,True,False,True
566,0,1.0,0.2375,0.0,0.0,0.015411575213749284,False,False,True,False,True
567,0,1.0,0.3625,0.0,0.6666666666666666,0.04113566043083236,False,False,True,True,False
568,0,1.0,0.37123897058823524,0.0,0.0,0.014110458666029575,True,False,False,False,True
569,1,1.0,0.4,0.0,0.0,0.015330377421392339,False,False,True,False,True
570,1,0.6666666666666666,0.775,0.0,0.0,0.020494635090094415,False,False,True,False,True
571,1,0.3333333333333333,0.6625,0.25,0.0,0.10048070654571319,False,False,True,True,False
572,1,0.3333333333333333,0.45,0.0,0.0,0.051504969851415845,False,False,True,False,True
573,1,1.0,0.37123897058823524,0.0,0.0,0.015126992566498259,False,True,False,True,False
574,0,1.0,0.2,0.0,0.0,0.015712553569072387,False,False,True,False,True
575,0,1.0,0.2375,0.0,0.0,0.028302115124416098,False,False,True,False,True
576,1,0.6666666666666666,0.425,0.0,0.0,0.025374310111545468,False,False,True,True,False
577,1,0.3333333333333333,0.4875,0.125,0.0,0.1091095334796455,False,False,True,True,False
578,0,1.0,0.37123897058823524,0.125,0.0,0.028220722145058292,True,False,False,True,False
579,1,1.0,0.4,0.0,0.0,0.015468569817999833,False,False,True,False,True
580,1,0.6666666666666666,0.3125,0.125,0.16666666666666666,0.05855610025741261,False,False,True,True,False
581,1,0.3333333333333333,0.4875,0.125,0.16666666666666666,0.21642978772242535,True,False,False,True,False
582,0,0.6666666666666666,0.675,0.0,0.0,0.050748620223090936,False,False,True,False,True
583,0,0.3333333333333333,0.45,0.0,0.0,0.07831878409428937,True,False,False,False,True
584,0,1.0,0.37123897058823524,0.0,0.0,0.017005667449756914,True,False,False,False,True
585,1,0.3333333333333333,0.225,0.0,0.3333333333333333,0.1554664461834305,False,False,True,True,False
586,0,0.6666666666666666,0.5875,0.0,0.0,0.029278050128706306,False,False,True,False,True
587,1,0.3333333333333333,0.75,0.125,0.16666666666666666,0.15458810467956932,True,False,False,False,True
588,0,1.0,0.275,0.0,0.0,0.015712553569072387,False,False,True,False,True
589,0,1.0,0.37123897058823524,0.0,0.0,0.015712553569072387,False,False,True,False,True
590,0,1.0,0.4375,0.0,0.0,0.013907073811135496,False,False,True,False,True
591,1,0.3333333333333333,0.65,0.125,0.0,0.1527664244005612,True,False,False,True,False
592,0,1.0,0.5875,0.0,0.0,0.014151057562208049,False,False,True,False,True
593,0,1.0,0.37123897058823524,0.0,0.3333333333333333,0.015126992566498259,False,True,False,True,False
594,0,0.6666666666666666,0.4625,0.125,0.0,0.050748620223090936,False,False,True,False,True
595,0,1.0,0.45,0.125,0.16666666666666666,0.04713766070721715,False,False,True,False,True
596,1,0.6666666666666666,0.37123897058823524,0.0,0.0,0.06441171028315387,False,False,True,True,False
597,0,1.0,0.6125,0.0,0.0,0.0,False,False,True,False,True
598,0,1.0,0.37123897058823524,0.0,0.0,0.014102260811993537,True,False,False,False,True
599,1,0.3333333333333333,0.6125,0.125,0.0,0.11111839809247648,True,False,False,False,True
600,1,0.6666666666666666,0.3,0.25,0.16666666666666666,0.05270049023167135,False,False,True,True,False
601,0,1.0,0.37123897058823524,0.0,0.0,0.015411575213749284,False,False,True,False,True
602,0,0.3333333333333333,0.37123897058823524,0.0,0.0,0.08275928836380983,False,False,True,False,True
603,0,1.0,0.55,0.0,0.0,0.015712553569072387,False,False,True,False,True
604,1,0.3333333333333333,0.4375,0.0,0.0,0.051822148727810165,True,False,False,False,True
605,0,1.0,0.45,0.125,0.0,0.030351578633425542,False,False,True,False,True
606,0,1.0,0.375,0.0,0.0,0.015411575213749284,False,False,True,False,True
607,1,0.3333333333333333,0.3375,0.0,0.0,0.05953203526170282,False,False,True,False,True
608,1,0.6666666666666666,0.275,0.125,0.3333333333333333,0.08115719346076702,True,False,False,True,False
609,1,0.3333333333333333,0.5,0.0,0.0,0.2995388511917728,False,False,True,True,False
610,0,1.0,0.4875,0.125,0.8333333333333334,0.06104473451835265,False,False,True,True,False
611,0,1.0,0.37123897058823524,0.0,0.0,0.013760683560491965,False,False,True,False,True
612,1,1.0,0.37123897058823524,0.125,0.0,0.030253985132996517,False,True,False,True,False
613,0,1.0,0.37123897058823524,0.0,0.0,0.015126992566498259,False,True,False,False,True
614,0,1.0,0.4375,0.0,0.0,0.015712553569072387,False,False,True,False,True
615,1,0.6666666666666666,0.3,0.125,0.3333333333333333,0.12687155055772734,False,False,True,True,False
616,0,1.0,0.425,0.125,0.16666666666666666,0.028106928123558056,False,False,True,False,True
617,0,1.0,0.325,0.125,0.0,0.031425107138144774,False,False,True,True,False
618,1,0.6666666666666666,0.05,0.25,0.16666666666666666,0.0761229303346364,False,False,True,True,False
619,0,0.6666666666666666,0.325,0.0,0.0,0.020494635090094415,False,False,True,False,True
620,0,1.0,0.3375,0.125,0.0,0.028212719478023115,True,False,False,False,True
621,1,0.3333333333333333,0.525,0.125,0.0,0.10257896680493714,False,False,True,False,True
622,1,1.0,0.25,0.125,0.16666666666666666,0.030725752114070404,True,False,False,False,True
623,0,1.0,0.2625,0.0,0.0,0.015330377421392339,False,False,True,False,True
624,0,1.0,0.2625,0.0,0.0,0.031425107138144774,False,False,True,False,True
625,0,0.3333333333333333,0.7625,0.0,0.0,0.06308600017332605,False,False,True,False,True
626,0,0.6666666666666666,0.7125,0.0,0.0,0.024105594605968193,False,True,False,False,True
627,1,0.3333333333333333,0.2625,0.0,0.0,0.15216446768991498,False,False,True,True,False
628,0,1.0,0.325,0.0,0.0,0.015411575213749284,False,False,True,False,True
629,0,1.0,0.37123897058823524,0.0,0.0,0.015094396337354966,False,True,False,False,True
630,1,0.3333333333333333,1.0,0.0,0.0,0.05855610025741261,False,False,True,False,True
631,0,1.0,0.6375,0.0,0.0,0.013768881414528002,False,False,True,False,True
632,1,0.3333333333333333,0.4,0.0,0.0,0.05953203526170282,True,False,False,False,True
633,0,0.3333333333333333,0.37123897058823524,0.0,0.0,0.0,False,False,True,False,True
634,0,1.0,0.1125,0.375,0.3333333333333333,0.05445717323939373,False,False,True,True,False
635,1,0.6666666666666666,0.35,0.0,0.0,0.025374310111545468,False,False,True,True,False
636,0,1.0,0.4,0.0,0.0,0.015468569817999833,False,False,True,False,True
637,0,0.6666666666666666,0.3875,0.125,0.16666666666666666,0.05123658772523604,False,False,True,False,True
638,0,1.0,0.5125,0.0,0.8333333333333334,0.07746484096553544,False,False,True,True,False
639,0,1.0,0.37123897058823524,0.125,0.0,0.031425107138144774,False,False,True,False,True
640,0,1.0,0.25,0.0,0.0,0.015330377421392339,False,False,True,False,True
641,1,0.3333333333333333,0.3,0.0,0.0,0.13526459159462315,True,False,False,True,False
642,0,1.0,0.025,0.375,0.3333333333333333,0.05445717323939373,False,False,True,True,False
643,1,1.0,0.37123897058823524,0.0,0.0,0.11027245763075773,False,False,True,False,True
644,1,1.0,0.009375,0.25,0.16666666666666666,0.03758969818624431,True,False,False,True,False
645,1,0.3333333333333333,0.6,0.125,0.0,0.1497654242623688,True,False,False,False,True
646,0,1.0,0.2375,0.0,0.0,0.015411575213749284,False,False,True,False,True
647,1,0.3333333333333333,0.7,0.0,0.0,0.06929138530460492,True,False,False,False,True
648,0,1.0,0.37123897058823524,0.0,0.0,0.014736618564782174,False,False,True,False,True
649,1,1.0,0.2875,0.0,0.0,0.014736618564782174,False,False,True,True,False
650,0,1.0,0.37123897058823524,0.0,0.0,0.015411575213749284,False,False,True,False,True
651,1,0.6666666666666666,0.225,0.0,0.16666666666666666,0.04489301019734967,False,False,True,True,False
652,0,1.0,0.2625,0.0,0.0,0.01646070534336126,False,False,True,False,True
653,1,1.0,0.37123897058823524,0.0,0.0,0.015281580671177828,False,True,False,True,False
654,0,1.0,0.225,0.0,0.0,0.013175122557917838,False,True,False,True,False
655,0,0.6666666666666666,0.3,0.25,0.0,0.1434624456306609,False,False,True,False,True
656,0,1.0,0.37123897058823524,0.0,0.0,0.015411575213749284,False,False,True,False,True
657,0,1.0,0.4,0.125,0.16666666666666666,0.030253985132996517,False,True,False,True,False
658,0,0.6666666666666666,0.2875,0.0,0.0,0.025374310111545468,False,False,True,False,True
659,0,0.3333333333333333,0.725,0.0,0.3333333333333333,0.22109807522194713,True,False,False,False,True
660,1,0.3333333333333333,0.625,0.25,0.0,0.2608674266467732,False,False,True,False,True
661,0,1.0,0.5,0.0,0.0,0.014102260811993537,True,False,False,False,True
662,0,0.3333333333333333,0.5875,0.0,0.0,0.04994347384455151,False,False,True,False,True
663,0,1.0,0.45,0.0,0.0,0.014630827210317115,False,False,True,False,True
664,1,1.0,0.25,0.125,0.0,0.015468569817999833,False,False,True,False,True
665,0,0.6666666666666666,0.4,0.25,0.0,0.1434624456306609,False,False,True,False,True
666,0,0.6666666666666666,0.3125,0.0,0.0,0.025374310111545468,False,False,True,False,True
667,0,1.0,0.37123897058823524,0.0,0.0,0.015175789316712771,False,False,True,False,True
668,0,1.0,0.5375,0.0,0.0,0.015712553569072387,False,False,True,False,True
669,1,0.3333333333333333,0.37123897058823524,0.125,0.0,0.10149724044618187,False,False,True,True,False
670,1,0.6666666666666666,0.5,0.125,0.16666666666666666,0.0761229303346364,False,False,True,True,False
671,0,0.3333333333333333,0.3875,0.125,0.0,0.10149724044618187,False,False,True,False,True
672,0,0.6666666666666666,0.875,0.0,0.0,0.020494635090094415,False,False,True,False,True
673,1,0.6666666666666666,0.3875,0.0,0.0,0.025374310111545468,False,False,True,False,True
674,0,0.6666666666666666,0.37123897058823524,0.0,0.0,0.0,False,False,True,False,True
675,0,1.0,0.225,0.0,0.0,0.015175789316712771,False,False,True,False,True
676,0,1.0,0.30625,0.0,0.0,0.015712553569072387,False,False,True,False,True
677,1,1.0,0.225,0.0,0.0,0.019209719063445922,False,False,True,True,False
678,0,1.0,0.5375,0.125,1.0,0.09154270340242172,False,False,True,True,False
679,1,0.3333333333333333,0.45,0.0,0.16666666666666666,1.0,True,False,False,False,True
680,0,1.0,0.37123897058823524,0.0,0.0,0.01588334219482317,False,True,False,True,False
681,1,0.3333333333333333,0.3375,0.0,0.0,0.1497654242623688,True,False,False,False,True
682,0,1.0,0.25,0.0,0.0,0.01800600082915438,False,False,True,False,True
683,0,1.0,0.175,0.625,0.3333333333333333,0.09154270340242172,False,False,True,False,True
684,0,0.6666666666666666,0.75,0.125,0.16666666666666666,0.0761229303346364,False,False,True,False,True
685,0,0.6666666666666666,0.3125,0.125,0.3333333333333333,0.08115719346076702,True,False,False,False,True
686,0,1.0,0.175,0.5,0.16666666666666666,0.07746484096553544,False,False,True,False,True
687,0,1.0,0.2375,0.0,0.0,0.019852079483269742,False,False,True,False,True
688,0,1.0,0.225,0.0,0.0,0.015216388212891242,False,False,True,False,True
689,1,0.3333333333333333,0.1875,0.0,0.16666666666666666,0.41250332793836464,False,False,True,True,False
690,1,0.3333333333333333,0.3875,0.125,0.0,0.11125659048908397,False,False,True,False,True
691,1,1.0,0.05,0.0,0.16666666666666666,0.026187654344120927,True,False,False,True,False
692,1,1.0,0.37123897058823524,0.0,0.0,0.11027245763075773,False,False,True,False,True
693,0,1.0,0.3125,0.0,0.0,0.014102260811993537,True,False,False,False,True
694,0,0.3333333333333333,0.75,0.0,0.0,0.051822148727810165,False,False,True,False,True
695,0,0.6666666666666666,0.65,0.0,0.0,0.026350245115835676,False,False,True,False,True
696,0,1.0,0.55,0.0,0.0,0.015712553569072387,False,False,True,False,True
697,1,1.0,0.37123897058823524,0.0,0.0,0.015094396337354966,False,True,False,True,False
698,0,0.3333333333333333,0.6125,0.125,0.16666666666666666,0.21642978772242535,True,False,False,False,True
699,0,1.0,0.525,0.0,0.0,0.014931805565640218,False,False,True,False,True
700,1,0.3333333333333333,0.225,0.125,0.0,0.4440992237022602,True,False,False,True,False
701,1,0.3333333333333333,0.4375,0.0,0.0,0.05130978285055781,False,False,True,False,True
702,0,1.0,0.225,0.0,0.16666666666666666,0.028212719478023115,True,False,False,True,False
703,0,1.0,0.3125,0.0,0.0,0.01511079204542704,False,True,False,False,True
704,0,1.0,0.325,0.125,0.0,0.015330377421392339,False,False,True,False,True
705,0,0.6666666666666666,0.4875,0.0,0.0,0.050748620223090936,False,False,True,False,True
706,1,0.6666666666666666,0.5625,0.0,0.0,0.026350245115835676,False,False,True,True,False
707,1,0.3333333333333333,0.525,0.0,0.0,0.05130978285055781,False,False,True,False,True
708,1,0.3333333333333333,0.275,0.0,0.0,0.29580589980036276,False,False,True,True,False
709,1,1.0,0.37123897058823524,0.125,0.16666666666666666,0.029757819776815374,True,False,False,False,True
710,1,0.3333333333333333,0.3,0.0,0.0,0.09662576327876685,True,False,False,True,False
711,0,0.3333333333333333,0.37123897058823524,0.0,0.0,0.051822148727810165,False,False,True,False,True
712,1,0.3333333333333333,0.6,0.125,0.0,0.10149724044618187,False,False,True,False,True
713,0,1.0,0.3625,0.0,0.0,0.018510168852370702,False,False,True,False,True
714,0,0.6666666666666666,0.65,0.0,0.0,0.025374310111545468,False,False,True,False,True
715,0,1.0,0.2375,0.0,0.0,0.014931805565640218,False,False,True,False,True
716,1,0.3333333333333333,0.475,0.0,0.0,0.4440992237022602,True,False,False,True,False
717,1,0.6666666666666666,0.3375,0.0,0.0,0.020494635090094415,False,False,True,True,False
718,0,1.0,0.37123897058823524,0.0,0.0,0.030253985132996517,False,True,False,False,True
719,0,1.0,0.4125,0.0,0.0,0.015175789316712771,False,False,True,False,True
720,1,0.6666666666666666,0.075,0.0,0.16666666666666666,0.06441171028315387,False,False,True,True,False
721,0,1.0,0.2125,0.125,0.0,0.013768881414528002,False,False,True,False,True
722,0,0.6666666666666666,0.425,0.0,0.0,0.025374310111545468,False,False,True,False,True
723,0,0.6666666666666666,0.625,0.0,0.0,0.025374310111545468,False,False,True,False,True
724,1,0.3333333333333333,0.3375,0.125,0.0,0.10364429745562033,False,False,True,False,True
725,0,1.0,0.25,0.0,0.0,0.016908073949327893,False,False,True,False,True
726,1,0.6666666666666666,0.375,0.375,0.0,0.04098927018018883,False,False,True,True,False
727,1,1.0,0.37123897058823524,0.0,0.0,0.015102594191391002,False,True,False,True,False
728,0,0.6666666666666666,0.3125,0.125,0.0,0.050748620223090936,False,False,True,False,True
729,0,1.0,0.3125,0.125,0.0,0.015468569817999833,False,False,True,True,False
730,1,0.3333333333333333,0.3625,0.0,0.0,0.41250332793836464,False,False,True,True,False
731,0,1.0,0.1375,0.0,0.0,0.036670757786204655,True,False,False,False,True
732,0,0.6666666666666666,0.37123897058823524,0.0,0.0,0.0,False,False,True,False,True
733,0,0.6666666666666666,0.2875,0.0,0.0,0.025374310111545468,False,False,True,False,True
734,0,0.6666666666666666,0.2875,0.0,0.0,0.025374310111545468,False,False,True,False,True
735,0,1.0,0.35625,0.0,0.0,0.031425107138144774,False,False,True,False,True
736,0,1.0,0.6,0.125,0.5,0.06709553154495196,False,False,True,True,False
737,1,0.3333333333333333,0.4375,0.0,0.0,1.0,True,False,False,False,True
738,0,1.0,0.37123897058823524,0.0,0.0,0.015411575213749284,False,False,True,False,True
739,0,1.0,0.37123897058823524,0.0,0.0,0.015411575213749284,False,False,True,False,True
740,1,0.3333333333333333,0.37123897058823524,0.0,0.0,0.05855610025741261,False,False,True,False,True
741,0,0.3333333333333333,0.45,0.125,0.0,0.15390495017656614,False,False,True,False,True
742,1,0.3333333333333333,0.2625,0.25,0.3333333333333333,0.5121218935012878,True,False,False,True,False
743,0,1.0,0.3,0.125,0.0,0.031425107138144774,False,False,True,False,True
744,1,1.0,0.3875,0.0,0.0,0.015468569817999833,False,False,True,False,True
745,0,0.3333333333333333,0.875,0.125,0.16666666666666666,0.13858277060920984,False,False,True,False,True
746,0,1.0,0.2,0.125,0.16666666666666666,0.03952536767375352,False,False,True,False,True
747,1,0.6666666666666666,0.375,0.0,0.0,0.025374310111545468,False,False,True,True,False
748,0,0.3333333333333333,0.2375,0.125,0.0,0.10364429745562033,False,False,True,False,True
749,0,1.0,0.3875,0.0,0.0,0.015126992566498259,False,True,False,False,True
750,1,0.6666666666666666,0.05,0.125,0.16666666666666666,0.04489301019734967,False,False,True,True,False
751,1,1.0,0.075,0.0,0.16666666666666666,0.024349578357040744,False,False,True,False,True
752,0,1.0,0.4125,0.0,0.0,0.018542765081513996,False,False,True,False,True
753,0,1.0,0.2875,0.0,0.0,0.015411575213749284,False,False,True,False,True
754,1,0.6666666666666666,0.6,0.125,0.3333333333333333,0.12687155055772734,False,False,True,True,False
755,1,0.6666666666666666,0.008375,0.125,0.16666666666666666,0.028302115124416098,False,False,True,False,True
756,0,1.0,0.35,0.0,0.0,0.015216388212891242,False,False,True,False,True
757,0,0.6666666666666666,0.225,0.0,0.0,0.022446505098674834,False,False,True,False,True
758,0,1.0,0.425,0.0,0.0,0.015712553569072387,False,False,True,False,True
759,1,0.3333333333333333,0.4125,0.0,0.0,0.16883675574220638,False,False,True,True,False
760,0,1.0,0.37123897058823524,0.0,0.0,0.028302115124416098,False,False,True,False,True
761,0,1.0,0.5125,0.0,0.0,0.013907073811135496,False,False,True,False,True
762,1,1.0,0.25,0.0,0.0,0.014110458666029575,True,False,False,False,True
763,1,0.3333333333333333,0.45,0.125,0.3333333333333333,0.23422440102965045,False,False,True,True,False
764,0,1.0,0.2,0.0,0.0,0.015175789316712771,False,False,True,False,True
765,1,0.3333333333333333,0.6375,0.125,0.0,0.15216446768991498,False,False,True,True,False
766,0,0.3333333333333333,0.37123897058823524,0.0,0.0,0.07729405233978466,True,False,False,False,True
767,0,1.0,0.38125,0.0,0.0,0.015126992566498259,False,True,False,True,False
768,0,1.0,0.37123897058823524,0.125,0.0,0.04713766070721715,False,True,False,False,True
769,0,1.0,0.4,0.0,0.0,0.016322512946753766,False,False,True,False,True
770,0,1.0,0.3,0.0,0.0,0.018542765081513996,False,False,True,False,True
771,0,1.0,0.6,0.0,0.0,0.015330377421392339,False,False,True,False,True
772,0,0.6666666666666666,0.7125,0.0,0.0,0.020494635090094415,False,False,True,True,False
773,0,1.0,0.37123897058823524,0.0,0.0,0.014102260811993537,True,False,False,False,True
774,1,0.6666666666666666,0.675,0.125,0.5,0.04489301019734967,False,False,True,True,False
775,0,1.0,0.225,0.0,0.0,0.015126992566498259,False,False,True,False,True
776,0,1.0,0.37123897058823524,0.0,0.0,0.015126992566498259,False,True,False,False,True
777,1,1.0,0.0625,0.0,0.0,0.024349578357040744,False,False,True,True,False
778,0,1.0,0.37123897058823524,0.0,0.0,0.015102594191391002,False,True,False,False,True
779,1,0.3333333333333333,0.5375,0.0,0.16666666666666666,0.41250332793836464,False,False,True,True,False
780,1,1.0,0.1625,0.0,0.0,0.014110458666029575,True,False,False,True,False
781,1,0.3333333333333333,0.2125,0.125,0.0,0.11125659048908397,False,False,True,True,False
782,0,0.3333333333333333,0.3625,0.0,0.0,0.05855610025741261,False,False,True,False,True
783,0,1.0,0.37123897058823524,0.125,0.3333333333333333,0.04577135170121086,False,False,True,False,True
784,0,1.0,0.3125,0.0,0.0,0.013760683560491965,False,False,True,False,True
785,0,1.0,0.3125,0.0,0.0,0.014151057562208049,False,False,True,False,True
786,1,1.0,0.225,0.0,0.0,0.014630827210317115,False,False,True,True,False
787,0,1.0,0.1,0.5,0.16666666666666666,0.056848213999904744,False,True,False,False,True
788,1,1.0,0.0125,0.125,0.3333333333333333,0.04015972542654215,False,False,True,False,True
789,0,0.3333333333333333,0.575,0.0,0.0,0.15458810467956932,True,False,False,False,True
790,0,1.0,0.37123897058823524,0.0,0.0,0.015126992566498259,False,True,False,False,True
791,0,0.6666666666666666,0.2,0.0,0.0,0.050748620223090936,False,False,True,False,True
792,0,1.0,0.37123897058823524,1.0,0.3333333333333333,0.13575255909676823,False,False,True,True,False
793,0,0.3333333333333333,0.37123897058823524,0.0,0.0,0.05991421140938287,True,False,False,False,True
794,0,1.0,0.3125,0.0,0.0,0.015411575213749284,False,False,True,False,True
795,0,0.6666666666666666,0.4875,0.0,0.0,0.025374310111545468,False,False,True,False,True
796,1,0.3333333333333333,0.6125,0.0,0.0,0.050610427826483444,False,False,True,True,False
797,1,1.0,0.3875,0.0,0.0,0.016948672845506364,False,False,True,True,False
798,0,1.0,0.375,0.0,0.0,0.014110458666029575,True,False,False,False,True
799,0,1.0,0.375,0.125,0.16666666666666666,0.04713766070721715,False,False,True,True,False
800,0,0.6666666666666666,0.425,0.0,0.0,0.025374310111545468,False,False,True,False,True
801,1,0.6666666666666666,0.3875,0.125,0.16666666666666666,0.05123658772523604,False,False,True,True,False
802,1,0.3333333333333333,0.1375,0.125,0.3333333333333333,0.23422440102965045,False,False,True,False,True
803,1,1.0,0.0052499999999999995,0.0,0.16666666666666666,0.016623491302076868,True,False,False,False,True
804,1,1.0,0.3375,0.0,0.0,0.013614293309848433,False,False,True,False,True
805,0,1.0,0.3875,0.0,0.0,0.015175789316712771,False,False,True,False,True
806,0,0.3333333333333333,0.4875,0.0,0.0,0.0,False,False,True,False,True
807,0,1.0,0.225,0.0,0.0,0.015175789316712771,False,False,True,True,False
808,0,0.6666666666666666,0.4875,0.0,0.0,0.025374310111545468,False,False,True,False,True
809,1,0.3333333333333333,0.4125,0.125,0.0,0.10364429745562033,False,False,True,True,False
810,0,1.0,0.325,0.0,0.0,0.015395374692678068,False,False,True,False,True
811,0,1.0,0.4875,0.0,0.0,0.04713766070721715,False,False,True,False,True
812,0,0.6666666666666666,0.4375,0.0,0.0,0.020494635090094415,False,False,True,False,True
813,0,1.0,0.075,0.5,0.3333333333333333,0.06104473451835265,False,False,True,True,False
814,0,1.0,0.38125,0.0,0.0,0.015712553569072387,False,False,True,False,True
815,0,0.3333333333333333,0.37123897058823524,0.0,0.0,0.0,False,False,True,False,True
816,0,1.0,0.2875,0.0,0.0,0.015468569817999833,False,False,True,True,False
817,0,0.6666666666666666,0.3875,0.125,0.16666666666666666,0.07222738817151159,True,False,False,False,True
818,0,1.0,0.5375,0.0,0.0,0.012589561555343713,False,False,True,False,True
819,0,1.0,0.125,0.375,0.3333333333333333,0.05445717323939373,False,False,True,False,True
820,1,0.3333333333333333,0.65,0.125,0.16666666666666666,0.18249984580226933,False,False,True,True,False
821,1,1.0,0.3375,0.0,0.0,0.016908073949327893,False,False,True,False,True
822,0,0.3333333333333333,0.475,0.0,0.0,0.0,False,False,True,False,True
823,1,1.0,0.3375,0.0,0.16666666666666666,0.024349578357040744,False,False,True,True,False
824,0,1.0,0.025,0.5,0.16666666666666666,0.07746484096553544,False,False,True,False,True
825,0,1.0,0.37123897058823524,0.0,0.0,0.013565496559633922,False,True,False,False,True
826,0,1.0,0.37123897058823524,0.0,0.0,0.11027245763075773,False,False,True,False,True
827,1,0.6666666666666666,0.0125,0.0,0.3333333333333333,0.07222738817151159,True,False,False,False,True
828,1,1.0,0.37123897058823524,0.0,0.0,0.015126992566498259,False,True,False,False,True
829,1,0.3333333333333333,0.775,0.0,0.0,0.15614960068643363,False,False,True,True,False
830,1,1.0,0.1875,0.125,0.0,0.028212719478023115,True,False,False,True,False
831,1,0.6666666666666666,0.010374999999999999,0.125,0.16666666666666666,0.03659756266088288,False,False,True,False,True
832,0,1.0,0.37123897058823524,0.0,0.0,0.014110458666029575,True,False,False,False,True
833,0,1.0,0.2875,0.0,0.0,0.015330377421392339,False,False,True,False,True
834,0,1.0,0.225,0.0,0.0,0.016200521071217493,False,False,True,False,True
835,1,0.3333333333333333,0.4875,0.125,0.16666666666666666,0.16231419173453318,True,False,False,True,False
836,0,1.0,0.2625,0.0,0.0,0.016908073949327893,False,False,True,False,True
837,0,1.0,0.37123897058823524,0.0,0.0,0.015712553569072387,False,False,True,False,True
838,1,1.0,0.4,0.0,0.0,0.11027245763075773,False,False,True,False,True
839,1,0.3333333333333333,0.37123897058823524,0.0,0.0,0.057970539254838485,True,False,False,False,True
840,0,1.0,0.25,0.0,0.0,0.015468569817999833,False,False,True,False,True
841,0,0.6666666666666666,0.2,0.0,0.0,0.020494635090094415,False,False,True,False,True
842,1,0.3333333333333333,0.375,0.0,0.0,0.060507970265993034,True,False,False,True,False
843,0,1.0,0.43125,0.0,0.0,0.012565163180236457,True,False,False,False,True
844,0,1.0,0.2125,0.0,0.0,0.016908073949327893,False,False,True,False,True
845,0,1.0,0.525,0.0,0.0,0.014736618564782174,False,False,True,False,True
846,0,1.0,0.37123897058823524,1.0,0.3333333333333333,0.13575255909676823,False,False,True,False,True
847,0,1.0,0.4375,0.0,0.0,0.015411575213749284,True,False,False,False,True
848,0,0.6666666666666666,0.35,0.0,0.16666666666666666,0.06441171028315387,False,False,True,False,True
849,1,0.3333333333333333,0.37123897058823524,0.125,0.0,0.17391981561855152,True,False,False,True,False
850,0,1.0,0.05,0.5,0.3333333333333333,0.06104473451835265,False,False,True,False,True
851,0,1.0,0.925,0.0,0.0,0.015175789316712771,False,False,True,False,True
852,0,1.0,0.1125,0.125,0.16666666666666666,0.029757819776815374,True,False,False,True,False
853,1,0.3333333333333333,0.2,0.0,0.16666666666666666,0.07690367833806856,False,False,True,True,False
854,0,0.6666666666666666,0.55,0.125,0.0,0.050748620223090936,False,False,True,True,False
855,1,1.0,0.225,0.0,0.16666666666666666,0.01824998458022693,False,False,True,True,False
856,1,0.3333333333333333,0.5625,0.125,0.16666666666666666,0.32179836714362564,False,False,True,True,False
857,1,0.3333333333333333,0.6375,0.0,0.0,0.051822148727810165,False,False,True,False,True
858,1,1.0,0.3,0.0,0.5,0.03758969818624431,True,False,False,True,False
859,0,1.0,0.37123897058823524,0.0,0.0,0.014110458666029575,True,False,False,False,True
860,0,1.0,0.5125,0.25,0.0,0.027537567642055148,False,False,True,False,True
861,0,0.6666666666666666,0.2625,0.125,0.0,0.022446505098674834,False,False,True,False,True
862,1,0.3333333333333333,0.6,0.0,0.0,0.050610427826483444,False,False,True,True,False
863,0,1.0,0.37123897058823524,1.0,0.3333333333333333,0.13575255909676823,False,False,True,True,False
864,0,0.6666666666666666,0.3,0.0,0.0,0.025374310111545468,False,False,True,False,True
865,1,0.6666666666666666,0.525,0.0,0.0,0.025374310111545468,False,False,True,True,False
866,1,0.6666666666666666,0.3375,0.125,0.0,0.027049600139910042,True,False,False,True,False
867,0,0.3333333333333333,0.3875,0.0,0.0,0.09856123757927521,False,False,True,False,True
868,0,1.0,0.37123897058823524,0.0,0.0,0.018542765081513996,False,False,True,False,True
869,1,1.0,0.05,0.125,0.16666666666666666,0.021730754366528396,False,False,True,False,True
870,0,1.0,0.325,0.0,0.0,0.015411575213749284,False,False,True,False,True
871,1,0.3333333333333333,0.5875,0.125,0.16666666666666666,0.10257896680493714,False,False,True,True,False
872,0,0.3333333333333333,0.4125,0.0,0.0,0.009759350042902102,False,False,True,False,True
873,0,1.0,0.5875,0.0,0.0,0.017566830077223785,False,False,True,False,True
874,1,0.6666666666666666,0.35,0.125,0.0,0.04684488020593009,True,False,False,True,False
875,1,1.0,0.1875,0.0,0.0,0.014102260811993537,True,False,False,True,False
876,0,1.0,0.25,0.0,0.0,0.019217721730481106,False,False,True,False,True
877,0,1.0,0.2375,0.0,0.0,0.015411575213749284,False,False,True,False,True
878,0,1.0,0.37123897058823524,0.0,0.0,0.015411575213749284,False,False,True,False,True
879,1,0.3333333333333333,0.7,0.0,0.16666666666666666,0.16231419173453318,True,False,False,True,False
880,1,0.6666666666666666,0.3125,0.0,0.16666666666666666,0.050748620223090936,False,False,True,True,False
881,0,1.0,0.4125,0.0,0.0,0.015411575213749284,False,False,True,False,True
882,0,1.0,0.275,0.0,0.0,0.02052723131923771,False,False,True,True,False
883,0,0.6666666666666666,0.35,0.0,0.0,0.020494635090094415,False,False,True,False,True
884,0,1.0,0.3125,0.0,0.0,0.013760683560491965,False,False,True,False,True
885,0,1.0,0.4875,0.0,0.8333333333333334,0.056848213999904744,False,True,False,True,False
886,0,0.6666666666666666,0.3375,0.0,0.0,0.025374310111545468,False,False,True,False,True
887,1,0.3333333333333333,0.2375,0.0,0.0,0.05855610025741261,False,False,True,True,False
888,0,1.0,0.37123897058823524,0.125,0.3333333333333333,0.04577135170121086,False,False,True,True,False
889,1,0.3333333333333333,0.325,0.0,0.0,0.05855610025741261,True,False,False,False,True
890,0,1.0,0.4,0.0,0.0,0.015126992566498259,False,True,False,False,True
